{
  "gan_type": "dcl_gan",
  "batch_size": 32,
  "tau": {"min": 0.7,"max": 2.7, "step": 0.1},
  "embedded_feat_size": {"min": 1, "max": 4},
  "patches": {"min": 4,"max": 8},
  "identity_loss_weight": {"min":0.5, "max":2.0, "step": 0.2},
  "nce_loss_weight": {"min":2.0, "max":20.0, "step": 0.5},
  "generator_lr": {"min":0.00002, "max": 0.2, "log": true},
  "discriminator_lr": {"min":0.00001, "max": 0.1, "log": true},
  "gen_discriminator_lr": {"min":0.00001, "max": 0.1, "log": true},
  "discriminator_reg_scale": {"min":0.000001, "max": 0.001, "log": true},
  "validation_sample_count": 600
}